PM2,5 São Paulo (?g/m³);PM2,5 Cidade do México (?g/m³);PM2,5 Santiago (?g/m³);PM2,5 Buenos Aires (?g/m³);PM2,5 Lima (?g/m³);PM2,5 Rio de Janeiro (?g/m³)
13;19;8;8;18;8
12;19;9;9;15;9
14;20;12;8;16;9
13;17;11;9;15;8
12;21;10;8;17;6
13;20;11;8;17;7
13;19;14;8;14;8
15;22;10;9;17;7
14;19;10;7;15;7
12;18;9;8;19;7
12;20;10;7;16;6
12;19;11;8;17;5
12;18;13;6;18;9
14;19;10;7;16;7
14;18;9;8;15;9
12;19;10;9;16;6
12;20;11;8;18;7
16;19;12;8;16;8
13;19;11;9;18;5
13;20;10;7;16;8
12;22;11;7;17;7
12;19;9;8;18;7
12;17;10;8;18;7
11;18;11;7;15;7
13;19;12;8;17;5
14;21;10;9;18;7
14;19;13;10;16;7
16;18;10;6;14;9
15;21;12;7;18;4
13;20;11;7;17;6
14;21;13;8;19;7
15;20;10;9;20;7
15;22;10;10;17;5
12;22;11;10;19;7
15;21;12;7;21;7
16;20;11;9;22;5
15;21;13;8;20;6
13;22;9;9;16;7
15;23;12;8;19;8
13;20;11;8;20;7
13;22;13;9;19;8
14;24;13;7;20;8
15;20;10;8;21;7
11;22;9;5;23;8
15;21;12;5;21;8
17;24;13;8;20;7
14;21;14;9;20;7
15;22;13;8;19;7
15;22;14;9;22;9
14;23;15;10;24;7
15;22;15;9;25;9
14;22;14;9;24;8
12;20;11;8;21;6
12;19;10;7;13;7
15;21;10;8;18;6
14;22;14;9;14;6
15;23;15;8;17;8
16;21;16;9;21;5
16;21;15;6;23;5
14;22;10;7;15;6
15;21;8;8;21;5
16;18;8;7;22;7
15;19;10;9;21;6
16;22;15;8;20;7
15;22;14;7;19;7
14;22;13;8;20;7
14;17;13;9;21;8
13;18;12;9;24;7
14;21;13;8;28;5
15;22;10;8;29;7
15;22;11;9;25;6
15;20;12;6;22;7
18;19;9;10;21;7
14;21;10;9;20;7
17;19;11;8;24;7
17;20;12;8;23;8
16;22;12;9;24;7
16;22;13;10;21;6
17;21;13;7;22;5
18;20;13;5;24;5
17;20;14;11;28;7
13;21;14;10;40;7
12;21;16;9;41;7
14;23;12;7;29;8
16;22;11;8;24;9
17;21;10;9;20;8
15;23;14;8;18;6
16;21;11;13;22;7
15;22;13;11;24;6
16;23;14;6;29;8
16;22;15;5;25;6
16;22;12;15;23;6
14;22;11;14;26;7
14;22;10;11;29;6
15;18;14;10;41;6
13;16;15;9;28;7
12;18;16;10;23;9
14;20;15;15;21;7
14;20;13;11;23;8
14;22;16;6;24;7
13;21;13;6;41;7
17;23;15;9;42;7
15;22;16;14;29;8
14;20;17;8;25;7
13;23;16;11;23;8
14;23;13;12;24;7
15;17;12;11;30;10
14;14;10;10;42;9
16;17;11;9;43;9
15;19;12;8;22;7
14;19;14;13;25;6
15;18;15;8;26;5
13;20;11;9;30;6
15;21;14;13;25;7
14;21;16;9;22;7
15;23;17;10;18;7
16;23;18;11;25;5
15;20;17;11;29;6
13;20;16;10;21;7
15;19;12;9;22;7
14;16;14;6;26;6
16;18;11;9;23;5
15;20;11;10;20;5
17;20;14;13;19;7
14;19;14;14;41;7
14;20;15;11;29;6
16;19;14;9;25;8
14;20;18;8;23;7
16;20;19;9;22;7
15;21;18;5;41;8
15;23;16;9;22;8
15;24;10;14;23;8
13;20;11;15;22;7
12;21;14;14;21;9
15;19;14;11;29;6
16;20;12;10;25;5
15;21;15;9;23;8
12;22;16;7;22;8
11;19;17;5;21;8
13;17;18;12;16;10
14;19;17;11;43;11
12;20;13;10;24;10
17;23;12;9;24;9
18;22;11;8;23;10
16;22;14;9;23;9
17;20;16;8;26;7
17;20;16;8;25;9
18;21;16;9;24;12
13;23;13;13;19;11
14;19;12;14;15;8
15;16;15;6;29;7
15;15;12;8;42;11
11;16;15;6;26;10
15;18;16;9;23;9
18;22;13;8;26;6
18;23;14;8;25;7
17;21;13;10;24;9
17;22;12;13;23;7
17;23;13;13;38;6
15;21;14;10;36;7
14;22;15;8;35;8
13;22;17;9;23;6
17;18;16;12;30;7
17;14;15;10;25;11
17;12;14;8;26;15
16;23;13;8;30;12
12;20;12;8;29;11
13;19;11;9;28;7
11;20;12;10;27;6
17;20;14;9;26;7
15;23;12;8;39;10
15;22;16;6;37;11
14;20;16;8;36;12
17;24;13;7;24;11
12;19;15;6;17;9
13;15;16;9;16;8
12;25;17;8;22;7
13;24;15;6;30;7
11;23;14;8;42;8
18;21;14;9;30;8
17;20;15;8;26;9
15;22;12;9;30;9
16;17;11;9;43;8
18;20;11;8;42;7
15;19;15;4;41;16
15;20;12;4;39;8
17;24;20;9;38;9
18;23;21;9;27;14
15;20;22;8;39;15
16;21;21;5;40;16
17;21;16;10;38;15
16;22;16;7;37;11
16;22;18;5;26;9
17;21;10;7;22;9
17;21;12;8;18;6
14;22;14;9;17;8
16;23;15;8;18;11
16;20;22;8;19;8
15;21;23;5;24;9
16;19;22;6;36;10
17;23;17;8;26;10
15;22;14;9;30;10
11;21;15;9;41;11
14;22;12;8;39;14
17;23;13;7;40;15
14;23;13;8;36;16
15;22;16;9;20;16
13;20;21;8;19;12
14;19;16;6;19;10
16;20;11;9;21;6
15;20;13;9;22;7
16;21;14;11;21;12
14;22;14;9;26;13
15;20;15;9;41;8
17;24;16;9;41;8
16;23;19;7;23;6
17;22;13;6;23;7
16;23;15;8;26;12
14;20;14;5;25;13
14;18;12;6;22;11
13;19;12;9;20;11
13;20;13;11;19;12
15;24;17;12;21;16
15;23;19;10;24;9
17;21;18;5;25;8
15;21;14;5;26;12
17;20;13;6;23;15
13;19;12;9;22;15
14;20;13;8;23;12
16;19;9;9;43;11
14;21;9;10;37;8
14;19;14;9;26;7
16;20;16;8;35;8
15;22;17;8;36;11
14;23;18;8;22;11
15;20;19;11;25;14
17;23;18;12;34;15
17;20;18;9;36;17
14;19;15;8;37;7
15;20;17;8;21;10
13;25;11;10;20;6
16;21;12;10;19;8
14;19;15;8;17;16
15;23;10;6;42;13
15;21;13;13;24;9
13;20;15;11;40;8
12;18;7;10;42;7
15;21;15;10;40;8
14;22;11;9;39;15
14;23;14;7;27;13
16;24;17;5;26;8
16;23;8;8;27;10
17;20;9;9;23;11
16;22;8;8;26;12
16;22;7;10;31;10
13;23;14;12;30;6
15;20;16;10;25;6
17;19;12;9;29;8
15;22;12;5;43;12
15;23;17;6;38;9
15;24;13;8;37;8
14;23;11;9;27;12
17;21;15;9;24;13
14;20;9;10;27;11
15;21;10;10;38;10
12;23;9;9;35;12
13;23;8;8;36;15
14;24;10;13;37;10
17;23;14;12;27;7
15;21;13;12;37;8
16;22;17;9;38;13
14;23;10;9;20;12
17;20;12;9;18;11
16;24;11;12;15;11
13;22;10;8;23;15
12;24;9;10;25;12
15;20;10;11;27;11
14;19;11;13;26;15
17;21;13;11;30;11
17;22;14;9;27;9
17;21;16;14;28;8
15;22;15;10;25;7
14;20;14;6;29;7
14;18;13;12;40;9
12;23;17;13;39;12
13;26;11;8;27;9
12;25;13;10;24;11
16;22;11;11;38;10
17;21;10;9;17;10
14;22;11;8;22;12
13;20;14;9;23;6
14;19;15;12;24;7
15;18;16;12;41;12
14;18;15;6;29;11
15;19;14;8;41;11
17;19;16;9;30;15
15;23;15;11;28;12
14;23;13;9;39;10
16;22;11;8;40;10
16;23;11;9;27;16
14;23;12;8;26;7
16;17;13;11;23;8
15;16;14;8;21;5
12;20;16;10;19;11
12;21;16;8;24;9
11;25;9;11;23;12
15;23;11;8;40;15
15;22;11;10;43;12
13;23;10;11;42;11
13;23;14;10;41;12
15;19;12;7;39;13
14;20;11;8;38;12
14;16;14;12;23;11
19;16;15;10;22;7
17;22;17;10;20;11
13;24;17;12;19;14
16;23;16;9;16;11
18;22;12;11;23;9
16;24;13;13;24;15
14;23;17;5;29;11
14;23;15;4;40;9
14;22;10;8;41;11
16;20;11;8;39;13
17;20;13;9;41;7
15;19;17;12;40;6
13;21;13;8;39;5
13;24;14;10;28;9
16;25;14;8;27;15
14;20;16;7;26;14
17;19;9;8;25;11
17;21;11;5;22;14
16;22;16;8;20;11
15;24;15;5;18;10
16;25;14;8;26;11
17;23;16;7;30;9
18;21;17;6;42;11
17;20;17;9;41;12
16;22;12;8;40;11
19;23;10;10;42;8
18;23;10;11;27;8
15;21;15;9;23;10
15;22;14;8;22;10
19;23;13;5;21;11
18;22;16;9;20;9
17;20;10;10;19;10
14;23;9;8;26;11
16;22;16;7;30;11
16;24;16;8;29;13
16;23;17;10;41;15
14;24;16;11;41;15
14;22;8;9;30;12
13;18;18;9;29;14
13;19;18;8;28;11
15;19;17;11;24;14
17;20;14;8;20;9
16;24;15;11;19;9
14;23;8;8;16;10
15;24;9;7;23;12
17;25;11;8;25;11
19;21;15;9;40;7
15;22;17;11;28;7
15;22;19;12;25;12
15;23;16;11;24;15
17;22;17;6;19;14
15;21;16;10;17;12
14;23;13;9;18;10
15;24;18;11;21;9
16;24;17;11;42;11
15;21;10;10;23;12
18;21;11;8;19;11
17;15;11;8;22;13
15;20;11;7;21;17
14;24;14;12;22;15
15;22;13;5;25;11
17;21;12;12;29;12
19;23;13;9;41;11
15;21;18;12;39;9
16;22;17;8;27;8
14;23;16;9;24;11
16;22;15;11;22;10
17;22;12;10;21;10
16;23;12;8;20;14
17;22;13;7;22;11
16;22;17;9;22;14
16;24;18;10;41;12
17;25;19;9;40;9
16;24;20;8;39;8
17;24;14;8;37;9
16;22;13;10;27;16
17;20;13;11;23;15
16;19;18;8;21;11
18;18;19;9;20;11
16;20;18;12;25;12
16;22;17;5;29;11
15;23;16;8;29;12
17;24;17;9;39;15
16;22;10;8;38;15
16;20;9;7;19;14
16;20;8;8;19;13
18;21;14;10;17;10
17;21;16;10;20;9
17;23;18;8;20;14
16;25;19;10;22;11
15;24;21;9;25;10
18;25;20;9;29;11
15;23;18;10;25;14
14;22;17;11;42;11
16;21;18;8;40;11
15;19;17;10;19;14
15;17;16;8;25;11
15;16;15;9;29;11
16;18;14;11;40;15
14;20;13;9;39;14
16;22;14;8;28;7
16;21;17;8;24;13
15;18;19;9;22;12
16;19;22;10;19;13
17;20;23;10;19;12
15;21;24;8;30;11
17;22;20;10;42;12
17;25;18;10;29;12
15;26;17;12;28;11
17;23;10;8;24;10
17;25;11;6;22;16
18;25;10;11;21;10
14;24;9;10;20;10
18;20;10;8;16;12
15;15;8;9;22;11
16;17;17;9;29;11
17;19;19;13;40;9
18;21;21;8;28;9
17;23;26;10;25;16
17;22;21;13;24;12
16;20;20;7;21;11
16;15;19;9;22;15
15;17;18;10;23;15
15;19;16;8;39;11
16;20;25;10;16;12
16;21;21;9;24;15
14;23;19;13;22;13
16;24;17;6;24;11
16;25;16;6;25;10
14;25;14;8;23;9
16;15;9;9;25;14
16;19;11;8;29;14
15;23;11;4;40;16
16;24;14;7;39;12
17;27;22;14;38;10
16;14;27;11;27;11
15;21;26;6;21;11
15;27;22;8;20;9
15;24;23;8;26;9
15;14;21;10;30;7
14;15;19;7;25;15
16;21;18;6;23;10
16;24;19;10;29;12
16;18;18;7;39;11
16;17;19;9;19;10
16;21;23;8;29;11
16;18;18;13;25;12
15;16;8;13;28;11
16;18;11;6;24;10
;24;12;7;22;10
;26;12;8;20;12
;16;10;11;15;10
;15;9;7;30;8
;19;16;8;29;13
;23;17;9;42;12
;23;24;11;40;11
;15;28;7;27;15
;14;27;8;23;15
;20;22;8;21;12
;22;20;10;21;10
;24;23;13;18;12
;20;20;11;28;11
;20;17;9;24;16
;17;16;7;22;15
;19;13;8;21;12
;21;14;10;20;10
;25;14;10;18;10
;22;9;9;29;11
;19;17;6;19;12
;17;18;9;17;11
;16;19;7;42;14
;18;23;11;25;12
;19;21;13;21;11
;21;17;12;20;13
;19;16;9;16;14
;18;16;7;16;17
;17;16;13;42;13
;16;13;9;18;15
;17;20;8;41;12
;20;11;9;29;14
;22;11;7;25;12
;26;12;10;23;10
;24;25;9;17;9
;26;24;7;43;12
;25;19;13;21;12
;25;14;6;20;11
;20;28;8;19;11
;18;24;9;16;14
;17;25;11;29;10
;18;19;9;25;8
;20;15;7;30;7
;21;10;7;30;9
;22;11;8;19;13
;24;13;9;22;12
;19;14;8;17;10
;24;15;8;41;12
;23;14;9;41;10
;26;13;9;29;7
;27;12;7;20;7
;21;18;11;15;15
;20;19;9;28;12
;19;18;11;24;14
;20;25;10;21;11
;22;26;8;22;10
;21;27;9;21;12
;21;25;9;17;11
;23;23;8;29;10
;20;17;11;25;7
;18;18;8;29;6
;17;8;9;28;7
;17;10;11;23;17
;17;12;13;21;12
;22;16;8;22;12
;25;15;8;21;15
;22;10;11;18;11
;27;9;12;29;9
;22;20;12;28;5
;21;19;9;23;14
;20;24;12;21;9
;20;26;8;42;15
;21;20;8;20;9
;22;16;9;19;7
;19;14;8;17;5
;17;15;9;41;6
;16;16;11;24;8
;17;16;8;28;15
;20;9;9;24;15
;23;10;9;21;18
;24;9;8;20;16
;24;11;12;19;11
;20;13;7;20;10
;19;14;8;18;6
;16;15;10;16;8
;18;14;8;18;6
;22;12;9;19;7
;23;10;11;17;8
;22;11;10;15;14
;21;15;9;17;15
;18;17;8;14;16
;20;18;11;14;17
;21;19;14;16;14
;24;20;11;15;10
;22;24;10;17;7
;22;25;9;16;15
;21;27;8;17;11
;20;26;9;16;11
;18;19;8;16;12
;16;14;8;17;7
;20;17;9;16;15
;25;16;8;16;16
;22;10;9;;16
;20;11;8;;7
;21;10;10;;8
;22;11;13;;7
;22;12;11;;8
;23;13;9;;14
;19;12;8;;11
;16;14;6;;7
;23;13;9;;9
;22;12;8;;10
;20;11;7;;11
;15;10;8;;14
;23;11;7;;15
;19;12;8;;13
;25;14;8;;17
;25;15;8;;16
;26;17;6;;14
;23;22;12;;11
;21;18;11;;7
;19;13;9;;6
;21;18;13;;5
;22;18;11;;9
;23;12;8;;12
;24;11;10;;10
;21;11;10;;15
;20;12;8;;12
;17;12;8;;14
;17;13;12;;13
;16;14;14;;9
;17;15;10;;10
;20;17;8;;9
;23;20;11;;10
;24;22;10;;13
;25;27;9;;14
;23;17;8;;15
;25;20;9;;11
;24;9;8;;10
;22;10;9;;16
;21;14;10;;15
;22;13;7;;15
;18;14;9;;11
;14;15;10;;5
;18;18;8;;5
;21;23;7;;10
;24;28;10;;11
;22;27;11;;15
;21;28;13;;14
;22;11;6;;11
;22;11;9;;13
;23;12;7;;12
;25;12;5;;11
;22;11;10;;10
;17;17;8;;11
;16;19;9;;14
;18;22;8;;11
;20;26;11;;14
;23;27;8;;16
;24;29;9;;15
;25;29;13;;11
;22;27;12;;15
;23;11;8;;14
;20;14;8;;14
;19;12;10;;6
;18;17;7;;5
;14;19;9;;5
;23;21;7;;6
;21;26;12;;7
;24;14;12;;10
;25;16;9;;11
;22;18;8;;14
;21;21;9;;15
;22;17;5;;16
;20;16;7;;12
;23;19;8;;10
;16;12;10;;11
;19;27;8;;12
;20;12;5;;14
;21;15;9;;14
;22;12;10;;14
;23;12;9;;13
;24;12;8;;7
;27;12;7;;8
;27;13;8;;9
;25;13;9;;15
;22;14;8;;16
;23;16;7;;17
;20;16;8;;11
;23;17;4;;12
;20;20;9;;16
;14;25;5;;13
;14;27;5;;14
;17;28;10;;11
;20;27;8;;10
;19;26;8;;6
;20;16;5;;16
;21;10;8;;13
;22;14;9;;16
;23;19;8;;16
;24;24;9;;12
;21;24;8;;10
;18;23;11;;9
;16;22;10;;9
;20;20;9;;5
;20;18;10;;6
;20;19;11;;9
;21;19;8;;10
;15;17;8;;12
;18;11;10;;13
;18;15;8;;11
;19;13;7;;15
;23;18;9;;11
;22;18;10;;11
;23;19;9;;9
;23;24;4;;9
;23;26;8;;7
;20;27;5;;8
;22;28;7;;9
;19;27;5;;10
;25;23;8;;7
;22;22;10;;6
;17;20;9;;8
;24;19;8;;9
;19;18;8;;10
;25;17;10;;13
;23;18;8;;12
;20;18;6;;11
;19;19;6;;14
;16;14;7;;14
;18;12;8;;13
;21;14;10;;14
;20;15;8;;9
;20;19;10;;9
;21;24;8;;10
;22;26;11;;9
;21;25;4;;7
;20;21;7;;8
;21;19;11;;9
;27;20;9;;11
;24;19;5;;8
;23;18;10;;17
;23;9;8;;7
;22;10;5;;16
;23;13;7;;8
;22;14;4;;15
;17;14;7;;16
;20;13;8;;11
;19;15;7;;16
;23;18;5;;17
;17;25;5;;10
;15;27;7;;10
;17;27;5;;11
;22;26;5;;12
;24;17;5;;11
;24;20;6;;12
;25;19;6;;14
;22;18;7;;12
;22;17;8;;11
;18;8;10;;13
;17;12;8;;10
;17;12;5;;8
;18;12;8;;10
;19;12;11;;12
;19;13;11;;13
;18;14;8;;13
;22;16;6;;14
;21;15;12;;15
;18;14;9;;16
;19;19;6;;16
;25;20;5;;15
;20;22;9;;10
;20;26;10;;8
;18;18;8;;13
;21;15;5;;8
;24;15;8;;9
;25;18;7;;11
;27;19;7;;14
;25;20;4;;15
;20;18;4;;14
;19;19;5;;9
;18;15;4;;7
;20;18;6;;7
;21;19;5;;6
;24;21;4;;11
;25;25;5;;12
;27;27;4;;10
;27;24;5;;16
;24;23;6;;11
;23;22;6;;10
;23;20;6;;9
;23;15;5;;8
;20;14;5;;7
;18;21;5;;6
;17;20;5;;8
;25;17;6;;9
;27;10;4;;10
;22;11;5;;14
;21;12;4;;10
;21;21;5;;12
;22;25;6;;13
;18;27;5;;14
;16;22;5;;15
;18;21;;;16
;21;27;;;12
;23;21;;;14
;27;14;;;13
;25;13;;;10
;27;20;;;9
;25;27;;;14
;22;15;;;9
;23;17;;;10
;21;12;;;12
;18;13;;;16
;19;19;;;15
;17;26;;;11
;25;28;;;5
;26;19;;;7
;23;13;;;13
;25;11;;;9
;23;12;;;7
;22;13;;;5
;23;14;;;8
;23;14;;;9
;20;15;;;13
;19;14;;;15
;23;13;;;13
;20;14;;;9
;23;16;;;10
;24;22;;;8
;22;27;;;12
;24;28;;;14
;25;23;;;15
;26;22;;;15
;24;20;;;15
;24;22;;;14
;22;28;;;10
;17;22;;;9
;21;15;;;13
;21;14;;;14
;27;20;;;12
;25;17;;;11
;23;10;;;10
;23;11;;;9
;24;12;;;6
;21;16;;;7
;22;15;;;8
;19;17;;;9
;18;27;;;10
;17;22;;;12
;18;19;;;10
;19;21;;;11
;16;29;;;11
;21;24;;;12
;24;20;;;14
;22;18;;;13
;25;17;;;12
;27;16;;;11
;26;15;;;9
;25;17;;;8
;22;16;;;6
;21;15;;;7
;23;18;;;15
;21;18;;;14
;22;9;;;7
;16;11;;;7
;16;12;;;12
;18;12;;;14
;19;16;;;15
;21;15;;;16
;24;17;;;16
;23;18;;;15
;24;18;;;14
;23;19;;;11
;24;20;;;12
;22;22;;;11
;18;21;;;15
;19;20;;;10
;19;20;;;13
;18;28;;;14
;22;27;;;11
;21;28;;;10
;23;21;;;9
;25;22;;;10
;23;23;;;11
;21;20;;;11
;21;19;;;12
;20;18;;;12
;17;17;;;11
;15;19;;;13
;18;20;;;14
;16;10;;;14
;21;14;;;10
;22;16;;;9
;25;19;;;7
;21;20;;;8
;16;21;;;11
;15;22;;;6
;18;20;;;5
;18;19;;;8
;19;21;;;12
;24;25;;;11
;22;27;;;9
;21;26;;;10
;23;24;;;14
;24;22;;;12
;22;20;;;16
;21;21;;;17
;22;24;;;16
;21;17;;;11
;20;17;;;14
;19;21;;;11
;18;11;;;10
;16;12;;;16
;23;13;;;12
;22;12;;;13
;22;15;;;11
;23;14;;;10
;20;21;;;10
;24;23;;;11
;21;27;;;10
;16;28;;;11
;23;27;;;11
;22;22;;;12
;19;19;;;10
;14;18;;;14
;22;18;;;15
;16;20;;;14
;20;28;;;11
;22;27;;;6
;18;25;;;8
;21;29;;;7
;21;21;;;13
;15;19;;;15
;23;22;;;8
;17;17;;;8
;16;15;;;7
;19;16;;;8
;20;16;;;12
;23;14;;;15
;24;17;;;10
;22;12;;;11
;18;13;;;15
;15;15;;;16
;19;15;;;17
;20;19;;;12
;20;24;;;16
;19;27;;;13
;20;22;;;11
;21;21;;;11
;20;20;;;14
;19;21;;;11
;17;22;;;13
;21;23;;;11
;19;24;;;12
;23;28;;;11
;20;20;;;10
;17;18;;;7
;16;16;;;8
;18;18;;;9
;16;16;;;10
;19;13;;;9
;20;14;;;7
;20;14;;;8
;20;20;;;11
;21;21;;;15
;21;26;;;9
;22;27;;;13
;21;16;;;14
;18;23;;;16
;17;20;;;16
;17;19;;;13
;20;20;;;13
;19;22;;;17
;20;27;;;12
;22;23;;;12
;22;17;;;13
;23;16;;;12
;20;15;;;10
;18;17;;;11
;16;15;;;11
;18;15;;;10
;20;12;;;17
;17;14;;;11
;17;17;;;9
;19;19;;;12
;21;21;;;11
;19;20;;;12
;17;18;;;16
;20;20;;;17
;19;22;;;15
;19;23;;;10
;18;20;;;8
;18;17;;;10
;20;18;;;15
;20;19;;;15
;20;21;;;13
;18;23;;;11
;18;27;;;10
;17;22;;;11
;17;21;;;8
;17;15;;;12
;18;17;;;16
;20;18;;;17
;19;18;;;10
;19;15;;;9
;22;13;;;11
;23;14;;;7
;21;13;;;17
;17;12;;;16
;17;13;;;15
;15;16;;;16
;17;18;;;15
;18;17;;;12
;18;16;;;10
;20;17;;;12
;19;19;;;15
;18;16;;;16
;17;17;;;14
;18;16;;;14
;19;14;;;14
;17;14;;;12
;16;17;;;8
;20;18;;;9
;21;19;;;12
;20;19;;;16
;19;18;;;10
;18;19;;;17
;16;20;;;16
;15;18;;;13
;17;19;;;11
;17;21;;;16
;16;22;;;13
;17;21;;;17
;16;15;;;14
;15;16;;;10
;20;18;;;9
;22;20;;;10
;20;12;;;15
;19;14;;;16
;17;15;;;17
;16;16;;;12
;17;17;;;11
;17;18;;;10
;21;17;;;11
;20;16;;;12
;17;15;;;15
;20;14;;;16
;17;13;;;17
;18;14;;;14
;19;16;;;18
;17;17;;;16
;19;18;;;11
;18;19;;;10
;19;18;;;11
;20;19;;;11
;17;20;;;15
;18;14;;;16
;19;13;;;17
;20;15;;;13
;19;16;;;16
;17;16;;;13
;16;17;;;12
;19;18;;;9
;15;17;;;12
;18;20;;;16
;20;18;;;17
;22;18;;;18
;21;13;;;15
;19;16;;;14
;23;17;;;12
;15;19;;;11
;14;20;;;10
;21;19;;;13
;22;18;;;12
;17;15;;;11
;16;15;;;13
;22;17;;;10
;24;19;;;11
;20;20;;;10
;19;18;;;12
;18;18;;;12
;17;19;;;13
;24;15;;;12
;23;16;;;11
;24;20;;;
;22;18;;;
;20;10;;;
;23;11;;;
;19;12;;;
;23;17;;;
;24;20;;;
;23;25;;;
;23;27;;;
;22;26;;;
;23;25;;;
;21;24;;;
;20;20;;;
;19;19;;;
;23;18;;;
;22;18;;;
;;17;;;
;;17;;;
;;14;;;
;;13;;;
;;17;;;
;;17;;;
;;18;;;
;;20;;;
;;18;;;
;;18;;;
;;12;;;
;;12;;;
;;26;;;
;;29;;;
;;28;;;
;;27;;;
;;26;;;
;;22;;;
;;20;;;
;;18;;;
;;19;;;
;;16;;;
;;17;;;
;;17;;;
;;17;;;
;;15;;;
;;17;;;
;;20;;;
;;21;;;
;;19;;;
;;12;;;
;;11;;;
;;14;;;
;;19;;;
;;21;;;
;;19;;;
;;15;;;
;;16;;;
;;19;;;
;;18;;;
;;19;;;
;;15;;;
;;17;;;
;;12;;;
;;13;;;
;;18;;;
;;24;;;
;;27;;;
;;28;;;
;;27;;;
;;26;;;
;;21;;;
;;19;;;
;;18;;;
;;17;;;
;;15;;;
;;15;;;
;;18;;;
;;13;;;
;;14;;;
;;20;;;
;;22;;;
;;21;;;
;;19;;;
;;17;;;
;;16;;;
;;15;;;
;;16;;;
;;19;;;
;;19;;;
;;18;;;
;;16;;;
;;16;;;
;;16;;;
;;13;;;
;;17;;;
;;14;;;
;;17;;;
;;18;;;
;;19;;;
;;18;;;
;;17;;;
;;15;;;
;;15;;;
;;18;;;
;;15;;;
;;18;;;
;;19;;;
;;18;;;
;;15;;;
;;14;;;
;;13;;;
;;14;;;
;;15;;;
;;16;;;
;;17;;;
;;17;;;
;;17;;;
;;16;;;
;;13;;;
;;15;;;
;;16;;;
;;17;;;
;;18;;;
;;20;;;
;;12;;;
;;15;;;
;;16;;;
;;18;;;
;;17;;;
;;14;;;
;;13;;;
;;12;;;
;;13;;;
;;15;;;
;;16;;;
;;17;;;
;;16;;;
;;17;;;
;;17;;;
;;16;;;
;;16;;;
;;15;;;
;;15;;;
;;17;;;
;;14;;;
;;15;;;
;;18;;;
;;20;;;
;;15;;;
;;16;;;
;;15;;;
;;14;;;
;;15;;;
;;18;;;
;;19;;;
;;18;;;
;;16;;;
;;15;;;
;;14;;;
;;17;;;
;;17;;;
;;17;;;
;;16;;;
;;15;;;
;;16;;;
;;20;;;
;;21;;;
;;15;;;
;;16;;;
;;14;;;
;;13;;;
;;14;;;
;;15;;;
;;18;;;
;;13;;;
;;15;;;
;;16;;;
;;15;;;
;;17;;;
;;17;;;
;;16;;;
;;16;;;
;;21;;;
;;14;;;
;;15;;;
;;15;;;
;;14;;;
;;12;;;
;;13;;;
;;19;;;
;;16;;;
;;15;;;
;;16;;;
;;15;;;
;;14;;;
;;19;;;
;;16;;;
;;15;;;
;;16;;;
;;17;;;
;;16;;;
;;14;;;
;;19;;;
;;11;;;
;;14;;;
;;13;;;
;;13;;;
;;14;;;
;;15;;;
;;13;;;
;;13;;;
;;14;;;
;;15;;;
;;17;;;
;;14;;;
;;13;;;
;;15;;;
;;18;;;
;;18;;;
;;17;;;
;;16;;;
;;15;;;
;;20;;;
;;21;;;
;;10;;;
;;10;;;
;;13;;;
;;14;;;
;;13;;;
;;11;;;
;;12;;;
;;13;;;
;;14;;;
;;16;;;
;;17;;;
;;14;;;
;;16;;;
;;15;;;
;;17;;;
;;16;;;
;;15;;;
;;19;;;
;;18;;;
;;17;;;
;;16;;;
;;13;;;
;;13;;;
;;13;;;
;;13;;;
;;14;;;
;;15;;;
;;16;;;
;;18;;;
;;18;;;
;;17;;;
;;18;;;
;;16;;;
;;18;;;
;;19;;;
;;18;;;
;;13;;;
;;12;;;
;;15;;;
;;15;;;
;;17;;;
;;17;;;
;;19;;;
;;19;;;
;;9;;;
;;14;;;
;;14;;;
;;11;;;
;;12;;;
;;18;;;
;;16;;;
;;17;;;
;;12;;;
;;12;;;
;;14;;;
;;11;;;
;;12;;;
;;13;;;
;;12;;;
;;13;;;
;;12;;;
;;11;;;
;;13;;;
;;16;;;
;;19;;;
;;16;;;
;;16;;;
;;13;;;
;;18;;;
;;17;;;
;;17;;;
;;18;;;
;;18;;;
;;10;;;
;;13;;;
;;13;;;
;;14;;;
;;11;;;
;;10;;;
;;13;;;
;;14;;;
;;15;;;
;;18;;;
;;17;;;
;;15;;;
;;19;;;
;;18;;;
;;18;;;
;;20;;;
;;19;;;
;;18;;;
;;12;;;
;;13;;;
;;12;;;
;;11;;;
;;10;;;
;;9;;;
;;12;;;
;;13;;;
;;12;;;
;;11;;;
;;13;;;
;;15;;;
;;16;;;
;;15;;;
;;18;;;
;;16;;;
;;15;;;
;;20;;;
;;19;;;
;;21;;;
;;18;;;
;;19;;;
;;21;;;
;;20;;;
;;19;;;
;;18;;;
;;12;;;
;;12;;;
;;11;;;
;;13;;;
;;14;;;
;;12;;;
;;11;;;
;;12;;;
;;14;;;
;;16;;;
;;17;;;
;;15;;;
;;16;;;
;;21;;;
;;20;;;
;;22;;;
;;21;;;
;;22;;;
;;23;;;
;;21;;;
;;10;;;
;;11;;;
;;11;;;
;;10;;;
;;12;;;
;;11;;;
;;17;;;
;;16;;;
;;15;;;
;;22;;;
;;21;;;
;;22;;;
;;19;;;
;;10;;;
;;14;;;
;;12;;;
;;12;;;
;;17;;;
;;19;;;
;;20;;;
;;21;;;
;;21;;;
;;19;;;
;;20;;;
;;21;;;
;;9;;;
;;10;;;
;;10;;;
;;9;;;
;;8;;;
;;12;;;
;;13;;;
;;12;;;
;;13;;;
;;12;;;
;;11;;;
;;14;;;
;;15;;;
;;16;;;
;;17;;;
;;17;;;
;;18;;;
;;20;;;
;;21;;;
;;22;;;
;;20;;;
;;11;;;
;;8;;;
;;12;;;
;;13;;;
;;14;;;
;;14;;;
;;15;;;
;;17;;;
;;16;;;
;;19;;;
;;21;;;
;;15;;;
;;12;;;
;;13;;;
;;22;;;
;;20;;;
;;17;;;
;;19;;;
;;11;;;
;;16;;;
;;20;;;
;;19;;;
;;13;;;
;;14;;;
;;13;;;
;;14;;;
;;15;;;
;;16;;;
;;16;;;
;;20;;;
;;21;;;
;;22;;;
;;10;;;
;;13;;;
;;11;;;
;;10;;;
;;9;;;
;;11;;;
;;12;;;
;;13;;;
;;15;;;
;;14;;;
;;15;;;
;;15;;;
;;16;;;
;;17;;;
;;17;;;
;;17;;;
;;16;;;
;;14;;;
;;17;;;
;;18;;;
;;22;;;
;;20;;;
;;20;;;
;;11;;;
;;12;;;
;;13;;;
;;13;;;
;;11;;;
;;12;;;
;;13;;;
;;12;;;
;;13;;;
;;14;;;
;;14;;;
;;12;;;
;;13;;;
;;14;;;
;;15;;;
;;15;;;
;;19;;;
;;19;;;
;;16;;;
;;15;;;
;;22;;;
;;22;;;
;;20;;;
;;21;;;
;;18;;;
;;10;;;
;;11;;;
;;14;;;
;;13;;;
;;12;;;
;;9;;;
;;11;;;
;;14;;;
;;16;;;
;;15;;;
;;14;;;
;;13;;;
;;15;;;
;;14;;;
;;16;;;
;;18;;;
;;20;;;
;;16;;;
;;20;;;
;;22;;;
;;21;;;
;;21;;;
;;19;;;
;;12;;;
;;13;;;
;;12;;;
;;11;;;
;;12;;;
;;9;;;
;;8;;;
;;10;;;
;;13;;;
;;15;;;
;;14;;;
;;13;;;
;;15;;;
;;15;;;
;;17;;;
;;19;;;
;;17;;;
;;16;;;
;;19;;;
;;18;;;
;;22;;;
;;23;;;
;;21;;;
;;23;;;
;;10;;;
;;10;;;
;;11;;;
;;11;;;
;;12;;;
;;13;;;
;;10;;;
;;11;;;
;;11;;;
;;10;;;
;;11;;;
;;14;;;
;;15;;;
;;17;;;
;;15;;;
;;14;;;
;;14;;;
;;14;;;
;;16;;;
;;18;;;
;;17;;;
;;18;;;
;;22;;;
;;21;;;
;;9;;;
;;13;;;
;;11;;;
;;10;;;
;;11;;;
;;10;;;
;;11;;;
;;12;;;
;;11;;;
;;10;;;
;;12;;;
;;13;;;
;;15;;;
;;13;;;
;;14;;;
;;15;;;
;;16;;;
;;17;;;
;;21;;;
;;11;;;
;;12;;;
;;13;;;
;;14;;;
;;15;;;
;;17;;;
;;18;;;
;;16;;;
;;13;;;
;;14;;;
;;16;;;
;;17;;;
;;16;;;
;;20;;;
;;9;;;
;;11;;;
;;12;;;
;;16;;;
;;15;;;
;;14;;;
;;15;;;
;;13;;;
;;12;;;
;;14;;;
;;16;;;
;;17;;;
;;19;;;
;;18;;;
;;20;;;
;;22;;;
;;19;;;
;;10;;;
;;11;;;
;;9;;;
;;14;;;
;;20;;;
;;8;;;
;;11;;;
;;10;;;
;;12;;;
;;13;;;
;;9;;;
;;11;;;
;;10;;;
;;12;;;
;;10;;;
;;21;;;
;;21;;;
;;12;;;
;;11;;;
;;12;;;
;;10;;;
;;15;;;
;;16;;;
;;17;;;
;;15;;;
;;18;;;
;;19;;;
;;20;;;
;;21;;;
;;19;;;
;;9;;;
;;12;;;
;;13;;;
;;11;;;
;;10;;;
;;11;;;
;;12;;;
;;14;;;
;;15;;;
;;16;;;
;;15;;;
;;22;;;
;;22;;;
;;20;;;
;;13;;;
;;11;;;
;;11;;;
;;10;;;
;;13;;;
;;14;;;
;;16;;;
;;13;;;
;;14;;;
;;16;;;
;;17;;;
;;18;;;
;;16;;;
;;19;;;
;;19;;;
;;19;;;
;;9;;;
;;11;;;
;;12;;;
;;11;;;
;;12;;;
;;9;;;
;;11;;;
;;13;;;
;;14;;;
;;15;;;
;;14;;;
;;13;;;
;;13;;;
;;14;;;
;;16;;;
;;17;;;
;;21;;;
;;20;;;
;;8;;;
;;10;;;
;;12;;;
;;11;;;
;;9;;;
;;10;;;
;;11;;;
;;12;;;
;;10;;;
;;11;;;
;;12;;;
;;13;;;
;;12;;;
;;13;;;
;;15;;;
;;16;;;
;;15;;;
;;21;;;
;;18;;;
;;9;;;
;;10;;;
;;14;;;
;;12;;;
;;11;;;
;;11;;;
;;12;;;
;;11;;;
;;11;;;
;;12;;;
;;13;;;
;;12;;;
;;12;;;
;;11;;;
;;10;;;
;;11;;;
;;12;;;
;;12;;;
;;13;;;
;;19;;;
;;10;;;
;;10;;;
;;13;;;
;;12;;;
;;12;;;
;;13;;;
;;12;;;
;;11;;;
;;12;;;
;;14;;;
;;13;;;
;;13;;;
;;14;;;
;;13;;;
;;12;;;
;;11;;;
;;13;;;
;;14;;;
;;14;;;
;;22;;;
;;20;;;
;;11;;;
;;12;;;
;;13;;;
;;12;;;
;;11;;;
;;11;;;
;;13;;;
;;13;;;
;;13;;;
;;14;;;
;;13;;;
;;23;;;
;;20;;;
;;22;;;
;;10;;;
;;13;;;
;;12;;;
;;14;;;
;;15;;;
;;12;;;
;;21;;;
;;9;;;
;;11;;;
;;10;;;
;;9;;;
;;10;;;
;;12;;;
;;13;;;
;;14;;;
;;13;;;
;;14;;;
;;14;;;
;;13;;;
;;20;;;
;;22;;;
;;19;;;
;;19;;;
;;19;;;
;;9;;;
;;13;;;
;;12;;;
;;12;;;
;;13;;;
;;22;;;
;;20;;;
;;9;;;
;;13;;;
;;11;;;
;;10;;;
;;10;;;
;;11;;;
;;11;;;
;;12;;;
;;15;;;
;;20;;;
;;19;;;
;;11;;;
;;12;;;
;;10;;;
;;21;;;
;;21;;;
;;10;;;
;;11;;;
;;13;;;
;;12;;;
;;11;;;
;;10;;;
;;11;;;
;;10;;;
;;12;;;
;;13;;;
;;14;;;
;;15;;;
;;15;;;
;;21;;;
;;18;;;
;;18;;;
;;19;;;
;;9;;;
;;10;;;
;;14;;;
;;13;;;
;;12;;;
;;11;;;
;;12;;;
;;14;;;
;;15;;;
;;14;;;
;;13;;;
;;11;;;
;;10;;;
;;8;;;
;;12;;;
;;13;;;
;;14;;;
;;15;;;
;;16;;;
;;17;;;
;;20;;;
;;10;;;
;;15;;;
;;14;;;
;;12;;;
;;13;;;
;;15;;;
;;16;;;
;;17;;;
;;15;;;
;;13;;;
;;11;;;
;;10;;;
;;9;;;
;;12;;;
;;15;;;
;;16;;;
;;22;;;
;;19;;;
;;15;;;
;;13;;;
;;11;;;
;;10;;;
;;11;;;
;;12;;;
;;12;;;
;;11;;;
;;12;;;
;;13;;;
;;14;;;
;;21;;;
;;19;;;
;;19;;;
;;9;;;
;;10;;;
;;12;;;
;;16;;;
;;18;;;
;;17;;;
;;13;;;
;;14;;;
;;15;;;
;;17;;;
;;16;;;
;;14;;;
;;12;;;
;;12;;;
;;10;;;
;;10;;;
;;11;;;
;;12;;;
;;19;;;
;;20;;;
;;21;;;
;;11;;;
;;12;;;
;;13;;;
;;14;;;
;;15;;;
;;11;;;
;;21;;;
;;10;;;
;;11;;;
;;12;;;
;;13;;;
;;20;;;
;;22;;;
;;9;;;
;;10;;;
;;11;;;
;;12;;;
;;19;;;
;;18;;;
;;18;;;
;;8;;;
;;9;;;
;;8;;;
;;9;;;
;;10;;;
;;11;;;
;;11;;;
;;11;;;
;;19;;;
;;19;;;
;;18;;;
;;8;;;
;;12;;;
;;11;;;
;;10;;;
;;10;;;
;;21;;;
;;21;;;
;;21;;;
;;19;;;
;;18;;;
;;18;;;
;;17;;;
;;18;;;
;;19;;;
;;21;;;
;;16;;;
;;20;;;
;;21;;;
;;18;;;
;;18;;;
;;18;;;
;;20;;;
;;18;;;
;;17;;;
;;18;;;
;;17;;;
;;16;;;
;;17;;;
;;18;;;
;;17;;;
;;19;;;
;;17;;;
;;18;;;
;;18;;;
